Height,Weight,Age,Grip strength,Frailty,grip_strength_kilograms
65.8,112,30,30,N,66.1386
71.5,136,19,31,N,68.34321999999999
69.4,153,45,29,N,63.93397999999999
68.2,142,22,28,Y,61.72935999999999
67.8,144,29,24,Y,52.91087999999999
68.7,123,50,26,N,57.320119999999996
69.8,141,51,22,Y,48.501639999999995
70.1,136,23,20,Y,44.0924
67.9,112,17,19,N,41.88778
66.8,120,39,31,N,68.34321999999999
